{
  "motions": [
    [
      [
        2068,
        1229,
        2171,
        2666,
        1243
      ]
    ],
    [
      [
        1555,
        1229,
        2171,
        2666,
        1243
      ],
      [
        1560,
        3151,
        1326,
        2278,
        2038
      ],
      [
        1560,
        3151,
        1326,
        2278,
        1243
      ],
      [
        2704,
        2113,
        1773,
        2397,
        1243
      ]
    ]
  ],
  "times": [
    [
      [
        2.000000000000001,
        0.0
      ]
    ],
    [
      [
        1.4999999999999996,
        2.7755575615628914e-17
      ],
      [
        2.000000000000001,
        0.5
      ],
      [
        1.0,
        0.5
      ],
      [
        1.5000000000000004,
        0.0
      ]
    ]
  ],
  "spin_numbers": [
    1,
    50
  ],
  "next_motions": [
    0,
    1
  ]
}